{"cameraMode":{"drawMode":0,"name":"Shaded","section":"Shading Mode"},"sceneLighting":true,"audioPlay":false,"sceneViewState":{"showFog":true,"showMaterialUpdate":true,"showSkybox":true,"showFlares":true,"showImageEffects":true,"showParticleSystems":true},"in2DMode":false,"pivot":{"x":-0.3928490877151489,"y":-1.358237385749817,"z":4.023764133453369},"rotation":{"x":-0.17335577309131623,"y":0.028652548789978029,"z":-0.005045972764492035,"w":-0.9844357967376709},"size":7.282562732696533,"orthographic":false}